--사용자 정보
INSERT INTO UserInfo (UserID, UserName, UserPhoneNum) VALUES
(1, '사용자1', '010-0000-0001'),
(2, '사용자2', '010-0000-0002'),
(3, '사용자3', '010-0000-0003'),
(4, '사용자4', '010-0000-0004'),
(5, '사용자5', '010-0000-0005'),
(6, '사용자6', '010-0000-0006'),
(7, '사용자7', '010-0000-0007'),
(8, '사용자8', '010-0000-0008'),
(9, '사용자9', '010-0000-0009'),
(10, '사용자10', '010-0000-0010'),
(11, '사용자11', '010-0000-0011'),
(12, '사용자12', '010-0000-0012'),
(13, '사용자13', '010-0000-0013'),
(14, '사용자14', '010-0000-0014'),
(15, '사용자15', '010-0000-0015')

--도서 정보
INSERT INTO BookInfo (BookID, BookTitle, BookISBN) VALUES
(1, '책1', '01000000001'),
(2, '책2', '01000000002'),
(3, '책3', '01000000003'),
(4, '책4', '01000000004'),
(5, '책5', '01000000005'),
(6, '책6', '01000000006'),
(7, '책7', '01000000007'),
(8, '책8', '01000000008'),
(9, '책9', '01000000009'),
(10, '책10', '01000000010'),
(11, '책11', '01000000011'),
(12, '책12', '01000000012'),
(13, '책13', '01000000013'),
(14, '책14', '01000000014'),
(15, '책15', '01000000015')

--도서 대여 이력 정보
INSERT INTO BookRentalHistoryInfo (UserID, UserName, BookID, BookName, RentalReturnType, RentalReturnDate) VALUES
(1, '사용자1', 1, '책1', 'RENTAL', '2021-01-01'),
(1, '사용자1', 2, '책2', 'RENTAL', '2021-01-01'),
(2, '사용자2', 10, '책10', 'RENTAL', '2021-01-02'),
(2, '사용자2', 11, '책11', 'RENTAL', '2021-01-02'),
(2, '사용자2', 12, '책12', 'RENTAL', '2021-01-02'),
(4, '사용자4', 9, '책9', 'RENTAL', '2021-01-03'),
(2, '사용자2', 10, '책10', 'RETURN', '2021-01-08'),
(2, '사용자2', 11, '책11', 'RETURN', '2021-01-08'),
(2, '사용자2', 12, '책12', 'RETURN', '2021-01-08'),
(1, '사용자1', 1, '책1', 'RETURN', '2021-01-10'),
(1, '사용자1', 2, '책2', 'RETURN', '2021-01-10')


