{
	"folders": {},
	"connections": {
		"sqlite_jdbc-17c8823cc34-2db76cd8a529dac9": {
			"provider": "sqlite",
			"driver": "sqlite_jdbc",
			"name": "BookManagement.db",
			"save-password": true,
			"read-only": false,
			"configuration": {
				"database": "C:\\SMG\\JavaLecture\\BookManagementV05GUIWithSQLite\\Resources\\Database\\BookManagement.db",
				"url": "jdbc:sqlite:C:\\SMG\\JavaLecture\\BookManagementV05GUIWithSQLite\\Resources\\Database\\BookManagement.db",
				"type": "dev",
				"auth-model": "native",
				"handlers": {}
			}
		}
	},
	"connection-types": {
		"dev": {
			"name": "Development",
			"color": "255,255,255",
			"description": "Regular development database",
			"auto-commit": true,
			"confirm-execute": false,
			"confirm-data-change": false,
			"auto-close-transactions": false
		}
	}
}